hour_utc,flow_starts
2023-02-21 06:00:00+00:00,25
2023-02-21 07:00:00+00:00,150
2023-02-21 08:00:00+00:00,151
2023-02-21 09:00:00+00:00,144
2023-02-21 10:00:00+00:00,149
2023-02-21 11:00:00+00:00,150
2023-02-21 12:00:00+00:00,151
2023-02-21 13:00:00+00:00,148
2023-02-21 14:00:00+00:00,150
2023-02-21 15:00:00+00:00,151
2023-02-21 16:00:00+00:00,151
2023-02-21 17:00:00+00:00,151
2023-02-21 18:00:00+00:00,166
2023-02-21 19:00:00+00:00,150
2023-02-21 20:00:00+00:00,150
2023-02-21 21:00:00+00:00,150
2023-02-21 22:00:00+00:00,185
2023-02-21 23:00:00+00:00,277
2023-02-22 00:00:00+00:00,6
