condition,response_row,technique_id,technique_name,model_status,model_confidence,model_supporting_observations,model_missing_behavioural_evidence,review_finding,proposed_disposition,independent_validation_status
fixed_reference,1,T1071.001,Web Protocols,supported,high,destination_ip,destination_port,HTTP service is observed; commands/results and adversary control are not established. IP address alone is insufficient.,Defining behaviour not established by supplied evidence,Independent human review pending
fixed_reference,2,T1105,Ingress Tool Transfer,possible,low,last_seen_utc,first_seen_utc,Timestamps do not establish an inbound file/tool transfer.,Defining behaviour not established by supplied evidence,Independent human review pending
fixed_reference,3,T1041,Exfiltration Over C2 Channel,possible,low,S1,RSTO,Connection states do not identify stolen data or a confirmed C2 channel.,Defining behaviour not established by supplied evidence,Independent human review pending
fixed_reference,4,T1048.003,Exfiltration Over Unencrypted Non-C2 Protocol,possible,low,total_resp_bytes,total_orig_bytes,Byte counters do not identify stolen content or an unencrypted non-C2 transfer.,Defining behaviour not established by supplied evidence,Independent human review pending
fixed_reference,5,T1046,Network Service Discovery,possible,low,-,http,An HTTP service label and one selected endpoint do not establish scanning.,Defining behaviour not established by supplied evidence,Independent human review pending
retrieved_reference,1,T1071.001,Web Protocols,supported,high,destination_ip,destination_port,HTTP service is observed; commands/results and adversary control are not established. IP address alone is insufficient.,Defining behaviour not established by supplied evidence,Independent human review pending
retrieved_reference,2,T1001.003,Protocol or Service Impersonation,possible,low,last_seen_utc,first_seen_utc,Time bounds do not establish impersonation of a protocol or service.,Defining behaviour not established by supplied evidence,Independent human review pending
retrieved_reference,3,T1048.001,Exfiltration Over Symmetric Encrypted Non-C2 Protocol,possible,low,S1,RSTO,"Symmetric encryption, stolen content and a non-C2 transfer are not evidenced.",Defining behaviour not established by supplied evidence,Independent human review pending
retrieved_reference,4,T1048.001,Exfiltration Over Symmetric Encrypted Non-C2 Protocol,possible,low,total_resp_bytes,total_orig_bytes,"Symmetric encryption, stolen content and a non-C2 transfer are not evidenced.",Defining behaviour not established by supplied evidence,Independent human review pending
retrieved_reference,5,T1048.001,Exfiltration Over Symmetric Encrypted Non-C2 Protocol,possible,low,-,http,"Symmetric encryption, stolen content and a non-C2 transfer are not evidenced.",Defining behaviour not established by supplied evidence,Independent human review pending
retrieved_reference,omitted,T1090.004,Domain Fronting,omitted,,,,Requested reference omitted by the model; no assessment produced.,No generated assessment,Independent human review pending
retrieved_reference,omitted,T1048,Exfiltration Over Alternative Protocol,omitted,,,,Requested reference omitted by the model; no assessment produced.,No generated assessment,Independent human review pending
