timestamp,flows,TimeStamp,,,TimeStamp,flows
2023-02-22 00:00:00+00:00,1297,00:00, 2023-02-22 00:00 ,,00:00,1297
2023-02-22 00:15:00+00:00,1289,00:15, 2023-02-22 00:15 ,,00:15,1289
2023-02-22 00:30:00+00:00,1288,00:30, 2023-02-22 00:30 ,,00:30,1288
2023-02-22 00:45:00+00:00,1288,00:45, 2023-02-22 00:45 ,,00:45,1288
2023-02-22 01:00:00+00:00,1288,01:00, 2023-02-22 01:00 ,,01:00,1288
2023-02-22 01:15:00+00:00,1286,01:15, 2023-02-22 01:15 ,,01:15,1286
2023-02-22 01:30:00+00:00,1284,01:30, 2023-02-22 01:30 ,,01:30,1284
2023-02-22 01:45:00+00:00,1286,01:45, 2023-02-22 01:45 ,,01:45,1286
2023-02-22 02:00:00+00:00,1286,02:00, 2023-02-22 02:00 ,,02:00,1286
2023-02-22 02:15:00+00:00,1286,02:15, 2023-02-22 02:15 ,,02:15,1286
2023-02-22 02:30:00+00:00,1286,02:30, 2023-02-22 02:30 ,,02:30,1286
2023-02-22 02:45:00+00:00,1285,02:45, 2023-02-22 02:45 ,,02:45,1285
2023-02-22 03:00:00+00:00,1285,03:00, 2023-02-22 03:00 ,,03:00,1285
2023-02-22 03:15:00+00:00,1283,03:15, 2023-02-22 03:15 ,,03:15,1283
2023-02-22 03:30:00+00:00,1259,03:30, 2023-02-22 03:30 ,,03:30,1259
2023-02-22 03:45:00+00:00,1286,03:45, 2023-02-22 03:45 ,,03:45,1286
2023-02-22 04:00:00+00:00,1285,04:00, 2023-02-22 04:00 ,,04:00,1285
2023-02-22 04:15:00+00:00,1286,04:15, 2023-02-22 04:15 ,,04:15,1286
2023-02-22 04:30:00+00:00,1288,04:30, 2023-02-22 04:30 ,,04:30,1288
2023-02-22 04:45:00+00:00,1296,04:45, 2023-02-22 04:45 ,,04:45,1296
2023-02-22 05:00:00+00:00,1295,05:00, 2023-02-22 05:00 ,,05:00,1295
2023-02-22 05:15:00+00:00,1295,05:15, 2023-02-22 05:15 ,,05:15,1295
2023-02-22 05:30:00+00:00,1296,05:30, 2023-02-22 05:30 ,,05:30,1296
2023-02-22 05:45:00+00:00,1296,05:45, 2023-02-22 05:45 ,,05:45,1296
2023-02-22 06:00:00+00:00,1295,06:00, 2023-02-22 06:00 ,,06:00,1295
2023-02-22 06:15:00+00:00,1296,06:15, 2023-02-22 06:15 ,,06:15,1296
2023-02-22 06:30:00+00:00,146,06:30, 2023-02-22 06:30 ,,06:30,146
2023-02-22 06:45:00+00:00,0,06:45, 2023-02-22 06:45 ,,06:45,0
2023-02-22 07:00:00+00:00,0,07:00, 2023-02-22 07:00 ,,07:00,0
2023-02-22 07:15:00+00:00,3,07:15, 2023-02-22 07:15 ,,07:15,3
2023-02-22 07:30:00+00:00,0,07:30, 2023-02-22 07:30 ,,07:30,0
2023-02-22 07:45:00+00:00,0,07:45, 2023-02-22 07:45 ,,07:45,0
2023-02-22 08:00:00+00:00,0,08:00, 2023-02-22 08:00 ,,08:00,0
2023-02-22 08:15:00+00:00,4,08:15, 2023-02-22 08:15 ,,08:15,4
2023-02-22 08:30:00+00:00,0,08:30, 2023-02-22 08:30 ,,08:30,0
2023-02-22 08:45:00+00:00,0,08:45, 2023-02-22 08:45 ,,08:45,0
2023-02-22 09:00:00+00:00,0,09:00, 2023-02-22 09:00 ,,09:00,0
2023-02-22 09:15:00+00:00,0,09:15, 2023-02-22 09:15 ,,09:15,0
2023-02-22 09:30:00+00:00,0,09:30, 2023-02-22 09:30 ,,09:30,0
2023-02-22 09:45:00+00:00,0,09:45, 2023-02-22 09:45 ,,09:45,0
2023-02-22 10:00:00+00:00,0,10:00, 2023-02-22 10:00 ,,10:00,0
2023-02-22 10:15:00+00:00,0,10:15, 2023-02-22 10:15 ,,10:15,0
2023-02-22 10:30:00+00:00,0,10:30, 2023-02-22 10:30 ,,10:30,0
2023-02-22 10:45:00+00:00,0,10:45, 2023-02-22 10:45 ,,10:45,0
2023-02-22 11:00:00+00:00,0,11:00, 2023-02-22 11:00 ,,11:00,0
2023-02-22 11:15:00+00:00,0,11:15, 2023-02-22 11:15 ,,11:15,0
2023-02-22 11:30:00+00:00,0,11:30, 2023-02-22 11:30 ,,11:30,0
2023-02-22 11:45:00+00:00,0,11:45, 2023-02-22 11:45 ,,11:45,0
2023-02-22 12:00:00+00:00,0,12:00, 2023-02-22 12:00 ,,12:00,0
2023-02-22 12:15:00+00:00,0,12:15, 2023-02-22 12:15 ,,12:15,0
2023-02-22 12:30:00+00:00,0,12:30, 2023-02-22 12:30 ,,12:30,0
2023-02-22 12:45:00+00:00,0,12:45, 2023-02-22 12:45 ,,12:45,0
2023-02-22 13:00:00+00:00,0,13:00, 2023-02-22 13:00 ,,13:00,0
2023-02-22 13:15:00+00:00,0,13:15, 2023-02-22 13:15 ,,13:15,0
2023-02-22 13:30:00+00:00,0,13:30, 2023-02-22 13:30 ,,13:30,0
2023-02-22 13:45:00+00:00,0,13:45, 2023-02-22 13:45 ,,13:45,0
2023-02-22 14:00:00+00:00,0,14:00, 2023-02-22 14:00 ,,14:00,0
2023-02-22 14:15:00+00:00,0,14:15, 2023-02-22 14:15 ,,14:15,0
2023-02-22 14:30:00+00:00,0,14:30, 2023-02-22 14:30 ,,14:30,0
2023-02-22 14:45:00+00:00,0,14:45, 2023-02-22 14:45 ,,14:45,0
2023-02-22 15:00:00+00:00,0,15:00, 2023-02-22 15:00 ,,15:00,0
2023-02-22 15:15:00+00:00,0,15:15, 2023-02-22 15:15 ,,15:15,0
2023-02-22 15:30:00+00:00,0,15:30, 2023-02-22 15:30 ,,15:30,0
2023-02-22 15:45:00+00:00,0,15:45, 2023-02-22 15:45 ,,15:45,0
2023-02-22 16:00:00+00:00,0,16:00, 2023-02-22 16:00 ,,16:00,0
2023-02-22 16:15:00+00:00,0,16:15, 2023-02-22 16:15 ,,16:15,0
2023-02-22 16:30:00+00:00,0,16:30, 2023-02-22 16:30 ,,16:30,0
2023-02-22 16:45:00+00:00,0,16:45, 2023-02-22 16:45 ,,16:45,0
2023-02-22 17:00:00+00:00,0,17:00, 2023-02-22 17:00 ,,17:00,0
2023-02-22 17:15:00+00:00,0,17:15, 2023-02-22 17:15 ,,17:15,0
2023-02-22 17:30:00+00:00,0,17:30, 2023-02-22 17:30 ,,17:30,0
2023-02-22 17:45:00+00:00,0,17:45, 2023-02-22 17:45 ,,17:45,0
2023-02-22 18:00:00+00:00,0,18:00, 2023-02-22 18:00 ,,18:00,0
2023-02-22 18:15:00+00:00,0,18:15, 2023-02-22 18:15 ,,18:15,0
2023-02-22 18:30:00+00:00,0,18:30, 2023-02-22 18:30 ,,18:30,0
2023-02-22 18:45:00+00:00,0,18:45, 2023-02-22 18:45 ,,18:45,0
2023-02-22 19:00:00+00:00,0,19:00, 2023-02-22 19:00 ,,19:00,0
2023-02-22 19:15:00+00:00,0,19:15, 2023-02-22 19:15 ,,19:15,0
2023-02-22 19:30:00+00:00,0,19:30, 2023-02-22 19:30 ,,19:30,0
2023-02-22 19:45:00+00:00,0,19:45, 2023-02-22 19:45 ,,19:45,0
2023-02-22 20:00:00+00:00,0,20:00, 2023-02-22 20:00 ,,20:00,0
2023-02-22 20:15:00+00:00,0,20:15, 2023-02-22 20:15 ,,20:15,0
2023-02-22 20:30:00+00:00,0,20:30, 2023-02-22 20:30 ,,20:30,0
2023-02-22 20:45:00+00:00,0,20:45, 2023-02-22 20:45 ,,20:45,0
2023-02-22 21:00:00+00:00,0,21:00, 2023-02-22 21:00 ,,21:00,0
2023-02-22 21:15:00+00:00,0,21:15, 2023-02-22 21:15 ,,21:15,0
2023-02-22 21:30:00+00:00,0,21:30, 2023-02-22 21:30 ,,21:30,0
2023-02-22 21:45:00+00:00,0,21:45, 2023-02-22 21:45 ,,21:45,0
2023-02-22 22:00:00+00:00,0,22:00, 2023-02-22 22:00 ,,22:00,0
2023-02-22 22:15:00+00:00,0,22:15, 2023-02-22 22:15 ,,22:15,0
2023-02-22 22:30:00+00:00,0,22:30, 2023-02-22 22:30 ,,22:30,0
2023-02-22 22:45:00+00:00,0,22:45, 2023-02-22 22:45 ,,22:45,0
2023-02-22 23:00:00+00:00,0,23:00, 2023-02-22 23:00 ,,23:00,0
2023-02-22 23:15:00+00:00,0,23:15, 2023-02-22 23:15 ,,23:15,0
2023-02-22 23:30:00+00:00,22,23:30, 2023-02-22 23:30 ,,23:30,22
2023-02-22 23:45:00+00:00,82,23:45, 2023-02-22 23:45 ,,23:45,82
