section,item,value
dataset,total_rows,81678
dataset,total_columns,25
dataset,files_discovered,7
dataset,duplicate_rows,0
dataset,timestamp_min_utc,NaT
dataset,timestamp_max_utc,NaT
column_dtype,ts,str
column_dtype,uid,str
column_dtype,id.orig_h,str
column_dtype,id.orig_p,str
column_dtype,id.resp_h,str
column_dtype,id.resp_p,str
column_dtype,proto,str
column_dtype,service,str
column_dtype,duration,str
column_dtype,orig_bytes,str
column_dtype,resp_bytes,str
column_dtype,conn_state,str
column_dtype,local_orig,str
column_dtype,local_resp,str
column_dtype,missed_bytes,str
column_dtype,history,str
column_dtype,orig_pkts,str
column_dtype,orig_ip_bytes,str
column_dtype,resp_pkts,str
column_dtype,resp_ip_bytes,str
column_dtype,tunnel_parents,str
column_dtype,label,str
column_dtype,detailedlabel,str
column_dtype,source_file,str
column_dtype,capture_date,str
missing_values,local_orig,81678
missing_values,local_resp,81678
missing_values,tunnel_parents,81678
missing_values,service,61079
missing_values,duration,9355
missing_values,resp_bytes,9355
missing_values,orig_bytes,9355
missing_values,history,3245
missing_values,detailedlabel,1224
missing_values,id.resp_p,0
missing_values,proto,0
missing_values,id.orig_p,0
missing_values,id.resp_h,0
missing_values,id.orig_h,0
missing_values,uid,0
missing_values,ts,0
missing_values,conn_state,0
missing_values,orig_pkts,0
missing_values,missed_bytes,0
missing_values,resp_pkts,0
missing_values,orig_ip_bytes,0
missing_values,resp_ip_bytes,0
missing_values,label,0
missing_values,source_file,0
missing_values,capture_date,0
records_per_date,2023-02-20,4745
records_per_date,2023-02-21,10634
records_per_date,2023-02-22,18202
records_per_date,2023-02-23,10107
records_per_date,2023-02-24,21679
records_per_date,2023-02-25,10480
records_per_date,2023-02-26,5831
records_per_date_and_label,2023-02-20 | Benign,4503
records_per_date_and_label,2023-02-20 | Unknown,242
records_per_date_and_label,2023-02-21 | Benign,7759
records_per_date_and_label,2023-02-21 | Malicious,2755
records_per_date_and_label,2023-02-21 | Unknown,120
records_per_date_and_label,2023-02-22 | Benign,12023
records_per_date_and_label,2023-02-22 | Malicious,5637
records_per_date_and_label,2023-02-22 | Unknown,542
records_per_date_and_label,2023-02-23 | Benign,8760
records_per_date_and_label,2023-02-23 | Malicious,1310
records_per_date_and_label,2023-02-23 | Unknown,37
records_per_date_and_label,2023-02-24 | Benign,21542
records_per_date_and_label,2023-02-24 | Malicious,2
records_per_date_and_label,2023-02-24 | Unknown,135
records_per_date_and_label,2023-02-25 | Benign,10341
records_per_date_and_label,2023-02-25 | Unknown,139
records_per_date_and_label,2023-02-26 | Benign,5822
records_per_date_and_label,2023-02-26 | Unknown,9
label_distribution,Benign,70750
label_distribution,Malicious,9704
label_distribution,Unknown,1224
detailed_label_distribution,From_benign-To_benign,24197
detailed_label_distribution,From_benign-To_benign-Device_chromecast_tv_assistant,19381
detailed_label_distribution,From_benign-To_benign-1e100,10827
detailed_label_distribution,From_malicious-To_malicious-Malware_C2-Redline_stealer,9683
detailed_label_distribution,From_benign-To_benign-Multicast,8711
detailed_label_distribution,From_benign-To_benign-Google,3027
detailed_label_distribution,From_benign-To_benign-DHCP,2263
detailed_label_distribution,<MISSING>,1224
detailed_label_distribution,From_benign-To_benign-Cesnet.cz,951
detailed_label_distribution,From_benign-To_benign-AWSGlobalAccelerator,296
detailed_label_distribution,From_benign-To_benign-Amazon,199
detailed_label_distribution,From_benign-To_benign-Fastly,194
detailed_label_distribution,From_benign-To_benign-Cloudflare,138
detailed_label_distribution,From_benign-To_benign-Akamai,110
detailed_label_distribution,From_benign-To_benign-Facebook,77
detailed_label_distribution,From_benign-To_benign-NTP,68
detailed_label_distribution,From_benign-To_benign-Cloudfront,64
detailed_label_distribution,From_benign-To_benign-Microsoft,61
detailed_label_distribution,From_benign-To_benign-Seznam.cz,37
detailed_label_distribution,From_benign-To_benign-Digicert,24
detailed_label_distribution,From_benign-To_benign-Application_twitter,23
detailed_label_distribution,From_benign-To_benign-Pinterest,22
detailed_label_distribution,From_benign-To_benign-Speedtest,21
detailed_label_distribution,From_malicious-To_malicious-Malware_C2-AgentTesla-TLS,19
detailed_label_distribution,From_benign-To_benign-Device_edimax_camera,14
detailed_label_distribution,From_benign-To_benign-Cdn77,12
detailed_label_distribution,From_benign-To_benign-Yahoo,9
detailed_label_distribution,From_benign-To_benign-Azure,7
detailed_label_distribution,From_benign-To_benign-Vimeo,5
detailed_label_distribution,From_benign-To_benign-Alza.cz,3
detailed_label_distribution,From_benign-To_benign-Device_CVUT,2
detailed_label_distribution,From_malicious-To_benign-Malware_Encryption-Lockbit_2.0-SMB2,2
detailed_label_distribution,From_benign-To_benign-Application_dropbox,1
detailed_label_distribution,From_benign-To_benign-Outbrain,1
detailed_label_distribution,From_benign-To_benign-Application_twitch,1
detailed_label_distribution,From_benign-To_benign-imedia.cz,1
detailed_label_distribution,From_benign-To_benign-cpex.cz,1
detailed_label_distribution,From_benign-To_benign-ICMP,1
detailed_label_distribution,From_benign-To_benign-Hotmail,1
numeric_summary:id.orig_p,non_null_count,81678.0
numeric_summary:id.orig_p,missing_count,0.0
numeric_summary:id.orig_p,mean,42129.95730796542
numeric_summary:id.orig_p,median,52134.0
numeric_summary:id.orig_p,std,23027.986529034653
numeric_summary:id.orig_p,min,3.0
numeric_summary:id.orig_p,max,65535.0
numeric_summary:id.resp_p,non_null_count,81678.0
numeric_summary:id.resp_p,missing_count,0.0
numeric_summary:id.resp_p,mean,19313.859521535785
numeric_summary:id.resp_p,median,1900.0
numeric_summary:id.resp_p,std,26363.189536906135
numeric_summary:id.resp_p,min,0.0
numeric_summary:id.resp_p,max,65534.0
numeric_summary:duration,non_null_count,72323.0
numeric_summary:duration,missing_count,9355.0
numeric_summary:duration,mean,32.17718829272845
numeric_summary:duration,median,0.137669
numeric_summary:duration,std,752.637682540618
numeric_summary:duration,min,1e-06
numeric_summary:duration,max,62053.64632
numeric_summary:orig_bytes,non_null_count,72323.0
numeric_summary:orig_bytes,missing_count,9355.0
numeric_summary:orig_bytes,mean,9482.087468716729
numeric_summary:orig_bytes,median,1042.0
numeric_summary:orig_bytes,std,220604.60788318905
numeric_summary:orig_bytes,min,0.0
numeric_summary:orig_bytes,max,30023388.0
numeric_summary:resp_bytes,non_null_count,72323.0
numeric_summary:resp_bytes,missing_count,9355.0
numeric_summary:resp_bytes,mean,143499.38633629688
numeric_summary:resp_bytes,median,0.0
numeric_summary:resp_bytes,std,1997611.9577068172
numeric_summary:resp_bytes,min,0.0
numeric_summary:resp_bytes,max,436587206.0
numeric_summary:missed_bytes,non_null_count,81678.0
numeric_summary:missed_bytes,missing_count,0.0
numeric_summary:missed_bytes,mean,1495.9573814246187
numeric_summary:missed_bytes,median,0.0
numeric_summary:missed_bytes,std,106148.79768348316
numeric_summary:missed_bytes,min,0.0
numeric_summary:missed_bytes,max,16529294.0
numeric_summary:orig_pkts,non_null_count,81678.0
numeric_summary:orig_pkts,missing_count,0.0
numeric_summary:orig_pkts,mean,78.2379955434756
numeric_summary:orig_pkts,median,12.0
numeric_summary:orig_pkts,std,789.0562437659652
numeric_summary:orig_pkts,min,0.0
numeric_summary:orig_pkts,max,136849.0
numeric_summary:orig_ip_bytes,non_null_count,81678.0
numeric_summary:orig_ip_bytes,missing_count,0.0
numeric_summary:orig_ip_bytes,mean,11366.929601606307
numeric_summary:orig_ip_bytes,median,1636.0
numeric_summary:orig_ip_bytes,std,213673.89408844305
numeric_summary:orig_ip_bytes,min,0.0
numeric_summary:orig_ip_bytes,max,29935687.0
numeric_summary:resp_pkts,non_null_count,81678.0
numeric_summary:resp_pkts,missing_count,0.0
numeric_summary:resp_pkts,mean,121.06690908200494
numeric_summary:resp_pkts,median,0.0
numeric_summary:resp_pkts,std,3776.9835070813056
numeric_summary:resp_pkts,min,0.0
numeric_summary:resp_pkts,max,1049200.0
numeric_summary:resp_ip_bytes,non_null_count,81678.0
numeric_summary:resp_ip_bytes,missing_count,0.0
numeric_summary:resp_ip_bytes,mean,131681.17008251915
numeric_summary:resp_ip_bytes,median,0.0
numeric_summary:resp_ip_bytes,std,1975142.303973567
numeric_summary:resp_ip_bytes,min,0.0
numeric_summary:resp_ip_bytes,max,465964806.0
